level,question,sentence,judge_verdict,my_verdict,passages
none,What are the treatments for Transient Ischemic Attack?,"The treatment for a Transient Ischemic Attack (TIA), often called a mini-stroke, usually involves medicines.",1,,"Topic: Ischemic Stroke
Ischemic Stroke (also called: Embolic Stroke, Thrombotic stroke): How is an ischemic stroke treated?

It is important to treat strokes as quickly as possible. The most common treatments include:

Medicines such as blood thinners or thrombolytics (which break up and dissolve existing clots) may be used to prevent or treat ischemic stroke.

---

Topic: Ischemic Stroke
Ischemic Stroke (also called: Embolic Stroke, Thrombotic stroke): Other heart and blood conditions. Such as heart valve diseases or sickle cell disease .

A transient ischemic attack (TIA) is caused by a brief blockage of blood flow to the brain. It usually lasts a few minutes. Having a TIA can mean you are at risk for having a more serious stroke.

---

Topic: Transient Ischemic Attack
Transient Ischemic Attack (also called: Mini-stroke, TIA): A transient ischemic attack (TIA) is a stroke that lasts only a few minutes. It happens when the blood supply to part of the brain is briefly blocked. Symptoms of a TIA are like other stroke symptoms, but do not last as long. They happen suddenly, and include:

---

Topic: Stroke
Stroke (also called: Brain attack, CVA, Cerebrovascular Accident): Prevention , to prevent a first stroke or, if you have already had one, prevent another stroke

Acute treatments for ischemic stroke are usually medicines:

You may get tPA, (tissue plasminogen activator), a medicine to dissolve the blood clot. You can only get this medicine within 4 hours of when your symptoms started. The sooner you can get it, the better your chance of recovery.

---

Topic: Transient Ischemic Attack
Transient Ischemic Attack (also called: Mini-stroke, TIA): Numbness or weakness, especially on one side of the body

Confusion or trouble speaking or understanding speech

Trouble seeing in one or both eyes

Difficulty walking

Dizziness

Loss of balance or coordination"
none,What are the treatments for Transient Ischemic Attack?,"However, unlike ischemic stroke treatments, there isn't a medicine like tPA (tissue plasminogen activator) to dissolve the blood clot in a TIA because it lasts only a few minutes .",1,,"Topic: Ischemic Stroke
Ischemic Stroke (also called: Embolic Stroke, Thrombotic stroke): How is an ischemic stroke treated?

It is important to treat strokes as quickly as possible. The most common treatments include:

Medicines such as blood thinners or thrombolytics (which break up and dissolve existing clots) may be used to prevent or treat ischemic stroke.

---

Topic: Ischemic Stroke
Ischemic Stroke (also called: Embolic Stroke, Thrombotic stroke): Other heart and blood conditions. Such as heart valve diseases or sickle cell disease .

A transient ischemic attack (TIA) is caused by a brief blockage of blood flow to the brain. It usually lasts a few minutes. Having a TIA can mean you are at risk for having a more serious stroke.

---

Topic: Transient Ischemic Attack
Transient Ischemic Attack (also called: Mini-stroke, TIA): A transient ischemic attack (TIA) is a stroke that lasts only a few minutes. It happens when the blood supply to part of the brain is briefly blocked. Symptoms of a TIA are like other stroke symptoms, but do not last as long. They happen suddenly, and include:

---

Topic: Stroke
Stroke (also called: Brain attack, CVA, Cerebrovascular Accident): Prevention , to prevent a first stroke or, if you have already had one, prevent another stroke

Acute treatments for ischemic stroke are usually medicines:

You may get tPA, (tissue plasminogen activator), a medicine to dissolve the blood clot. You can only get this medicine within 4 hours of when your symptoms started. The sooner you can get it, the better your chance of recovery.

---

Topic: Transient Ischemic Attack
Transient Ischemic Attack (also called: Mini-stroke, TIA): Numbness or weakness, especially on one side of the body

Confusion or trouble speaking or understanding speech

Trouble seeing in one or both eyes

Difficulty walking

Dizziness

Loss of balance or coordination"
none,What are the treatments for Transient Ischemic Attack?,"Instead, if you have had a TIA, it's important to focus on preventing a more serious stroke.",1,,"Topic: Ischemic Stroke
Ischemic Stroke (also called: Embolic Stroke, Thrombotic stroke): How is an ischemic stroke treated?

It is important to treat strokes as quickly as possible. The most common treatments include:

Medicines such as blood thinners or thrombolytics (which break up and dissolve existing clots) may be used to prevent or treat ischemic stroke.

---

Topic: Ischemic Stroke
Ischemic Stroke (also called: Embolic Stroke, Thrombotic stroke): Other heart and blood conditions. Such as heart valve diseases or sickle cell disease .

A transient ischemic attack (TIA) is caused by a brief blockage of blood flow to the brain. It usually lasts a few minutes. Having a TIA can mean you are at risk for having a more serious stroke.

---

Topic: Transient Ischemic Attack
Transient Ischemic Attack (also called: Mini-stroke, TIA): A transient ischemic attack (TIA) is a stroke that lasts only a few minutes. It happens when the blood supply to part of the brain is briefly blocked. Symptoms of a TIA are like other stroke symptoms, but do not last as long. They happen suddenly, and include:

---

Topic: Stroke
Stroke (also called: Brain attack, CVA, Cerebrovascular Accident): Prevention , to prevent a first stroke or, if you have already had one, prevent another stroke

Acute treatments for ischemic stroke are usually medicines:

You may get tPA, (tissue plasminogen activator), a medicine to dissolve the blood clot. You can only get this medicine within 4 hours of when your symptoms started. The sooner you can get it, the better your chance of recovery.

---

Topic: Transient Ischemic Attack
Transient Ischemic Attack (also called: Mini-stroke, TIA): Numbness or weakness, especially on one side of the body

Confusion or trouble speaking or understanding speech

Trouble seeing in one or both eyes

Difficulty walking

Dizziness

Loss of balance or coordination"
none,What are the treatments for Transient Ischemic Attack?,This can be done by managing any underlying heart or blood conditions such as heart valve diseases or sickle cell disease .,1,,"Topic: Ischemic Stroke
Ischemic Stroke (also called: Embolic Stroke, Thrombotic stroke): How is an ischemic stroke treated?

It is important to treat strokes as quickly as possible. The most common treatments include:

Medicines such as blood thinners or thrombolytics (which break up and dissolve existing clots) may be used to prevent or treat ischemic stroke.

---

Topic: Ischemic Stroke
Ischemic Stroke (also called: Embolic Stroke, Thrombotic stroke): Other heart and blood conditions. Such as heart valve diseases or sickle cell disease .

A transient ischemic attack (TIA) is caused by a brief blockage of blood flow to the brain. It usually lasts a few minutes. Having a TIA can mean you are at risk for having a more serious stroke.

---

Topic: Transient Ischemic Attack
Transient Ischemic Attack (also called: Mini-stroke, TIA): A transient ischemic attack (TIA) is a stroke that lasts only a few minutes. It happens when the blood supply to part of the brain is briefly blocked. Symptoms of a TIA are like other stroke symptoms, but do not last as long. They happen suddenly, and include:

---

Topic: Stroke
Stroke (also called: Brain attack, CVA, Cerebrovascular Accident): Prevention , to prevent a first stroke or, if you have already had one, prevent another stroke

Acute treatments for ischemic stroke are usually medicines:

You may get tPA, (tissue plasminogen activator), a medicine to dissolve the blood clot. You can only get this medicine within 4 hours of when your symptoms started. The sooner you can get it, the better your chance of recovery.

---

Topic: Transient Ischemic Attack
Transient Ischemic Attack (also called: Mini-stroke, TIA): Numbness or weakness, especially on one side of the body

Confusion or trouble speaking or understanding speech

Trouble seeing in one or both eyes

Difficulty walking

Dizziness

Loss of balance or coordination"
none,What are the treatments for Transient Ischemic Attack?,It is crucial to consult with your healthcare provider for further guidance and appropriate preventive measures.,1,,"Topic: Ischemic Stroke
Ischemic Stroke (also called: Embolic Stroke, Thrombotic stroke): How is an ischemic stroke treated?

It is important to treat strokes as quickly as possible. The most common treatments include:

Medicines such as blood thinners or thrombolytics (which break up and dissolve existing clots) may be used to prevent or treat ischemic stroke.

---

Topic: Ischemic Stroke
Ischemic Stroke (also called: Embolic Stroke, Thrombotic stroke): Other heart and blood conditions. Such as heart valve diseases or sickle cell disease .

A transient ischemic attack (TIA) is caused by a brief blockage of blood flow to the brain. It usually lasts a few minutes. Having a TIA can mean you are at risk for having a more serious stroke.

---

Topic: Transient Ischemic Attack
Transient Ischemic Attack (also called: Mini-stroke, TIA): A transient ischemic attack (TIA) is a stroke that lasts only a few minutes. It happens when the blood supply to part of the brain is briefly blocked. Symptoms of a TIA are like other stroke symptoms, but do not last as long. They happen suddenly, and include:

---

Topic: Stroke
Stroke (also called: Brain attack, CVA, Cerebrovascular Accident): Prevention , to prevent a first stroke or, if you have already had one, prevent another stroke

Acute treatments for ischemic stroke are usually medicines:

You may get tPA, (tissue plasminogen activator), a medicine to dissolve the blood clot. You can only get this medicine within 4 hours of when your symptoms started. The sooner you can get it, the better your chance of recovery.

---

Topic: Transient Ischemic Attack
Transient Ischemic Attack (also called: Mini-stroke, TIA): Numbness or weakness, especially on one side of the body

Confusion or trouble speaking or understanding speech

Trouble seeing in one or both eyes

Difficulty walking

Dizziness

Loss of balance or coordination"
grade6,What are the treatments for Transient Ischemic Attack?,The treatment for a Transient Ischemic Attack (TIA) is not specifically mentioned in the provided passages.,0,,"Topic: Ischemic Stroke
Ischemic Stroke (also called: Embolic Stroke, Thrombotic stroke): How is an ischemic stroke treated?

It is important to treat strokes as quickly as possible. The most common treatments include:

Medicines such as blood thinners or thrombolytics (which break up and dissolve existing clots) may be used to prevent or treat ischemic stroke.

---

Topic: Ischemic Stroke
Ischemic Stroke (also called: Embolic Stroke, Thrombotic stroke): Other heart and blood conditions. Such as heart valve diseases or sickle cell disease .

A transient ischemic attack (TIA) is caused by a brief blockage of blood flow to the brain. It usually lasts a few minutes. Having a TIA can mean you are at risk for having a more serious stroke.

---

Topic: Transient Ischemic Attack
Transient Ischemic Attack (also called: Mini-stroke, TIA): A transient ischemic attack (TIA) is a stroke that lasts only a few minutes. It happens when the blood supply to part of the brain is briefly blocked. Symptoms of a TIA are like other stroke symptoms, but do not last as long. They happen suddenly, and include:

---

Topic: Stroke
Stroke (also called: Brain attack, CVA, Cerebrovascular Accident): Prevention , to prevent a first stroke or, if you have already had one, prevent another stroke

Acute treatments for ischemic stroke are usually medicines:

You may get tPA, (tissue plasminogen activator), a medicine to dissolve the blood clot. You can only get this medicine within 4 hours of when your symptoms started. The sooner you can get it, the better your chance of recovery.

---

Topic: Transient Ischemic Attack
Transient Ischemic Attack (also called: Mini-stroke, TIA): Numbness or weakness, especially on one side of the body

Confusion or trouble speaking or understanding speech

Trouble seeing in one or both eyes

Difficulty walking

Dizziness

Loss of balance or coordination"
grade6,What are the treatments for Transient Ischemic Attack?,"However, since a TIA is a brief blockage of blood flow to the brain that can be a warning sign for a more serious stroke, it's important to seek immediate medical attention if you experience symptoms like sudden numbness or weakness, confusion, trouble speaking, vision problems, difficulty walking, dizziness, or loss of balance.",1,,"Topic: Ischemic Stroke
Ischemic Stroke (also called: Embolic Stroke, Thrombotic stroke): How is an ischemic stroke treated?

It is important to treat strokes as quickly as possible. The most common treatments include:

Medicines such as blood thinners or thrombolytics (which break up and dissolve existing clots) may be used to prevent or treat ischemic stroke.

---

Topic: Ischemic Stroke
Ischemic Stroke (also called: Embolic Stroke, Thrombotic stroke): Other heart and blood conditions. Such as heart valve diseases or sickle cell disease .

A transient ischemic attack (TIA) is caused by a brief blockage of blood flow to the brain. It usually lasts a few minutes. Having a TIA can mean you are at risk for having a more serious stroke.

---

Topic: Transient Ischemic Attack
Transient Ischemic Attack (also called: Mini-stroke, TIA): A transient ischemic attack (TIA) is a stroke that lasts only a few minutes. It happens when the blood supply to part of the brain is briefly blocked. Symptoms of a TIA are like other stroke symptoms, but do not last as long. They happen suddenly, and include:

---

Topic: Stroke
Stroke (also called: Brain attack, CVA, Cerebrovascular Accident): Prevention , to prevent a first stroke or, if you have already had one, prevent another stroke

Acute treatments for ischemic stroke are usually medicines:

You may get tPA, (tissue plasminogen activator), a medicine to dissolve the blood clot. You can only get this medicine within 4 hours of when your symptoms started. The sooner you can get it, the better your chance of recovery.

---

Topic: Transient Ischemic Attack
Transient Ischemic Attack (also called: Mini-stroke, TIA): Numbness or weakness, especially on one side of the body

Confusion or trouble speaking or understanding speech

Trouble seeing in one or both eyes

Difficulty walking

Dizziness

Loss of balance or coordination"
grade6,What are the treatments for Transient Ischemic Attack?,"If diagnosed with TIA, your healthcare provider may recommend similar treatments as those for ischemic stroke, such as medicines that can help dissolve blood clots .",1,,"Topic: Ischemic Stroke
Ischemic Stroke (also called: Embolic Stroke, Thrombotic stroke): How is an ischemic stroke treated?

It is important to treat strokes as quickly as possible. The most common treatments include:

Medicines such as blood thinners or thrombolytics (which break up and dissolve existing clots) may be used to prevent or treat ischemic stroke.

---

Topic: Ischemic Stroke
Ischemic Stroke (also called: Embolic Stroke, Thrombotic stroke): Other heart and blood conditions. Such as heart valve diseases or sickle cell disease .

A transient ischemic attack (TIA) is caused by a brief blockage of blood flow to the brain. It usually lasts a few minutes. Having a TIA can mean you are at risk for having a more serious stroke.

---

Topic: Transient Ischemic Attack
Transient Ischemic Attack (also called: Mini-stroke, TIA): A transient ischemic attack (TIA) is a stroke that lasts only a few minutes. It happens when the blood supply to part of the brain is briefly blocked. Symptoms of a TIA are like other stroke symptoms, but do not last as long. They happen suddenly, and include:

---

Topic: Stroke
Stroke (also called: Brain attack, CVA, Cerebrovascular Accident): Prevention , to prevent a first stroke or, if you have already had one, prevent another stroke

Acute treatments for ischemic stroke are usually medicines:

You may get tPA, (tissue plasminogen activator), a medicine to dissolve the blood clot. You can only get this medicine within 4 hours of when your symptoms started. The sooner you can get it, the better your chance of recovery.

---

Topic: Transient Ischemic Attack
Transient Ischemic Attack (also called: Mini-stroke, TIA): Numbness or weakness, especially on one side of the body

Confusion or trouble speaking or understanding speech

Trouble seeing in one or both eyes

Difficulty walking

Dizziness

Loss of balance or coordination"
grade6,What are the treatments for Transient Ischemic Attack?,But it's crucial to consult with a healthcare professional for accurate information about treatment options.,1,,"Topic: Ischemic Stroke
Ischemic Stroke (also called: Embolic Stroke, Thrombotic stroke): How is an ischemic stroke treated?

It is important to treat strokes as quickly as possible. The most common treatments include:

Medicines such as blood thinners or thrombolytics (which break up and dissolve existing clots) may be used to prevent or treat ischemic stroke.

---

Topic: Ischemic Stroke
Ischemic Stroke (also called: Embolic Stroke, Thrombotic stroke): Other heart and blood conditions. Such as heart valve diseases or sickle cell disease .

A transient ischemic attack (TIA) is caused by a brief blockage of blood flow to the brain. It usually lasts a few minutes. Having a TIA can mean you are at risk for having a more serious stroke.

---

Topic: Transient Ischemic Attack
Transient Ischemic Attack (also called: Mini-stroke, TIA): A transient ischemic attack (TIA) is a stroke that lasts only a few minutes. It happens when the blood supply to part of the brain is briefly blocked. Symptoms of a TIA are like other stroke symptoms, but do not last as long. They happen suddenly, and include:

---

Topic: Stroke
Stroke (also called: Brain attack, CVA, Cerebrovascular Accident): Prevention , to prevent a first stroke or, if you have already had one, prevent another stroke

Acute treatments for ischemic stroke are usually medicines:

You may get tPA, (tissue plasminogen activator), a medicine to dissolve the blood clot. You can only get this medicine within 4 hours of when your symptoms started. The sooner you can get it, the better your chance of recovery.

---

Topic: Transient Ischemic Attack
Transient Ischemic Attack (also called: Mini-stroke, TIA): Numbness or weakness, especially on one side of the body

Confusion or trouble speaking or understanding speech

Trouble seeing in one or both eyes

Difficulty walking

Dizziness

Loss of balance or coordination"
none,What is (are) Scleroderma?,Scleroderma is a condition that affects your skin and sometimes your internal organs.,1,,"Topic: Scleroderma
Scleroderma (also called: Circumscribed scleroderma, Dermatosclerosis, Morphea, Systemic sclerosis): Raynaud's phenomenon , a narrowing of blood vessels in the hands or feet

Damage to your internal organs, including your digestive system , lungs, kidneys, and heart

How is scleroderma diagnosed?

There is no single test for scleroderma. The symptoms can vary from person to person and can be similar to those of other diseases. This can make scleroderma hard to diagnose.

---

Topic: Scleroderma
Scleroderma (also called: Circumscribed scleroderma, Dermatosclerosis, Morphea, Systemic sclerosis): Lines of thickened or different colored skin that run down your arm, leg, and, rarely, on the forehead. This is called linear scleroderma.

Systemic scleroderma can cause problems with your internal organs as well as your skin. It can cause symptoms such as:

---

Topic: Sarcoidosis
Sarcoidosis: What is sarcoidosis?

Sarcoidosis is a condition in which groups of cells in your immune system form small, red, and swollen (inflamed) lumps. These lumps are called granulomas. They can form in any organ in the body. But they most commonly affect the lungs and lymph nodes in the chest. Over time, sarcoidosis can cause permanent scarring of organs.

---

Topic: Raynaud Phenomenon
Raynaud Phenomenon (also called: Raynaud's disease, Raynaud's syndrome): Certain diseases. These include lupus, scleroderma, rheumatoid arthritis (RA), carpal tunnel syndrome , and connective tissue disorders .

Certain medicines. Medicines that treat high blood pressure , migraines , and attention deficit hyperactivity disorder (ADHD) may cause similar symptoms to Raynaud phenomenon or make your symptoms worse.

---

Topic: Raynaud Phenomenon
Raynaud Phenomenon (also called: Raynaud's disease, Raynaud's syndrome): Keeping your body, especially your hands and feet, warm in cold weather.

Avoiding triggers, such as certain medicines and stress.

Quitting smoking (or not starting smoking).

Managing stress.

NIH: National Institute of Arthritis and Musculoskeletal and Skin Diseases"
none,What is (are) Scleroderma?,"It can cause thickened or different colored lines on your arms, legs, and rarely on the forehead .",1,,"Topic: Scleroderma
Scleroderma (also called: Circumscribed scleroderma, Dermatosclerosis, Morphea, Systemic sclerosis): Raynaud's phenomenon , a narrowing of blood vessels in the hands or feet

Damage to your internal organs, including your digestive system , lungs, kidneys, and heart

How is scleroderma diagnosed?

There is no single test for scleroderma. The symptoms can vary from person to person and can be similar to those of other diseases. This can make scleroderma hard to diagnose.

---

Topic: Scleroderma
Scleroderma (also called: Circumscribed scleroderma, Dermatosclerosis, Morphea, Systemic sclerosis): Lines of thickened or different colored skin that run down your arm, leg, and, rarely, on the forehead. This is called linear scleroderma.

Systemic scleroderma can cause problems with your internal organs as well as your skin. It can cause symptoms such as:

---

Topic: Sarcoidosis
Sarcoidosis: What is sarcoidosis?

Sarcoidosis is a condition in which groups of cells in your immune system form small, red, and swollen (inflamed) lumps. These lumps are called granulomas. They can form in any organ in the body. But they most commonly affect the lungs and lymph nodes in the chest. Over time, sarcoidosis can cause permanent scarring of organs.

---

Topic: Raynaud Phenomenon
Raynaud Phenomenon (also called: Raynaud's disease, Raynaud's syndrome): Certain diseases. These include lupus, scleroderma, rheumatoid arthritis (RA), carpal tunnel syndrome , and connective tissue disorders .

Certain medicines. Medicines that treat high blood pressure , migraines , and attention deficit hyperactivity disorder (ADHD) may cause similar symptoms to Raynaud phenomenon or make your symptoms worse.

---

Topic: Raynaud Phenomenon
Raynaud Phenomenon (also called: Raynaud's disease, Raynaud's syndrome): Keeping your body, especially your hands and feet, warm in cold weather.

Avoiding triggers, such as certain medicines and stress.

Quitting smoking (or not starting smoking).

Managing stress.

NIH: National Institute of Arthritis and Musculoskeletal and Skin Diseases"
none,What is (are) Scleroderma?,"In some cases, it can also affect your digestive system, lungs, kidneys, and heart .",1,,"Topic: Scleroderma
Scleroderma (also called: Circumscribed scleroderma, Dermatosclerosis, Morphea, Systemic sclerosis): Raynaud's phenomenon , a narrowing of blood vessels in the hands or feet

Damage to your internal organs, including your digestive system , lungs, kidneys, and heart

How is scleroderma diagnosed?

There is no single test for scleroderma. The symptoms can vary from person to person and can be similar to those of other diseases. This can make scleroderma hard to diagnose.

---

Topic: Scleroderma
Scleroderma (also called: Circumscribed scleroderma, Dermatosclerosis, Morphea, Systemic sclerosis): Lines of thickened or different colored skin that run down your arm, leg, and, rarely, on the forehead. This is called linear scleroderma.

Systemic scleroderma can cause problems with your internal organs as well as your skin. It can cause symptoms such as:

---

Topic: Sarcoidosis
Sarcoidosis: What is sarcoidosis?

Sarcoidosis is a condition in which groups of cells in your immune system form small, red, and swollen (inflamed) lumps. These lumps are called granulomas. They can form in any organ in the body. But they most commonly affect the lungs and lymph nodes in the chest. Over time, sarcoidosis can cause permanent scarring of organs.

---

Topic: Raynaud Phenomenon
Raynaud Phenomenon (also called: Raynaud's disease, Raynaud's syndrome): Certain diseases. These include lupus, scleroderma, rheumatoid arthritis (RA), carpal tunnel syndrome , and connective tissue disorders .

Certain medicines. Medicines that treat high blood pressure , migraines , and attention deficit hyperactivity disorder (ADHD) may cause similar symptoms to Raynaud phenomenon or make your symptoms worse.

---

Topic: Raynaud Phenomenon
Raynaud Phenomenon (also called: Raynaud's disease, Raynaud's syndrome): Keeping your body, especially your hands and feet, warm in cold weather.

Avoiding triggers, such as certain medicines and stress.

Quitting smoking (or not starting smoking).

Managing stress.

NIH: National Institute of Arthritis and Musculoskeletal and Skin Diseases"
none,What is (are) Scleroderma?,"Raynaud's phenomenon, a narrowing of blood vessels in the hands or feet, is often associated with scleroderma .",1,,"Topic: Scleroderma
Scleroderma (also called: Circumscribed scleroderma, Dermatosclerosis, Morphea, Systemic sclerosis): Raynaud's phenomenon , a narrowing of blood vessels in the hands or feet

Damage to your internal organs, including your digestive system , lungs, kidneys, and heart

How is scleroderma diagnosed?

There is no single test for scleroderma. The symptoms can vary from person to person and can be similar to those of other diseases. This can make scleroderma hard to diagnose.

---

Topic: Scleroderma
Scleroderma (also called: Circumscribed scleroderma, Dermatosclerosis, Morphea, Systemic sclerosis): Lines of thickened or different colored skin that run down your arm, leg, and, rarely, on the forehead. This is called linear scleroderma.

Systemic scleroderma can cause problems with your internal organs as well as your skin. It can cause symptoms such as:

---

Topic: Sarcoidosis
Sarcoidosis: What is sarcoidosis?

Sarcoidosis is a condition in which groups of cells in your immune system form small, red, and swollen (inflamed) lumps. These lumps are called granulomas. They can form in any organ in the body. But they most commonly affect the lungs and lymph nodes in the chest. Over time, sarcoidosis can cause permanent scarring of organs.

---

Topic: Raynaud Phenomenon
Raynaud Phenomenon (also called: Raynaud's disease, Raynaud's syndrome): Certain diseases. These include lupus, scleroderma, rheumatoid arthritis (RA), carpal tunnel syndrome , and connective tissue disorders .

Certain medicines. Medicines that treat high blood pressure , migraines , and attention deficit hyperactivity disorder (ADHD) may cause similar symptoms to Raynaud phenomenon or make your symptoms worse.

---

Topic: Raynaud Phenomenon
Raynaud Phenomenon (also called: Raynaud's disease, Raynaud's syndrome): Keeping your body, especially your hands and feet, warm in cold weather.

Avoiding triggers, such as certain medicines and stress.

Quitting smoking (or not starting smoking).

Managing stress.

NIH: National Institute of Arthritis and Musculoskeletal and Skin Diseases"
none,What is (are) Scleroderma?,"However, there is no single test for scleroderma, and it can be hard to diagnose because symptoms vary from person to person .",1,,"Topic: Scleroderma
Scleroderma (also called: Circumscribed scleroderma, Dermatosclerosis, Morphea, Systemic sclerosis): Raynaud's phenomenon , a narrowing of blood vessels in the hands or feet

Damage to your internal organs, including your digestive system , lungs, kidneys, and heart

How is scleroderma diagnosed?

There is no single test for scleroderma. The symptoms can vary from person to person and can be similar to those of other diseases. This can make scleroderma hard to diagnose.

---

Topic: Scleroderma
Scleroderma (also called: Circumscribed scleroderma, Dermatosclerosis, Morphea, Systemic sclerosis): Lines of thickened or different colored skin that run down your arm, leg, and, rarely, on the forehead. This is called linear scleroderma.

Systemic scleroderma can cause problems with your internal organs as well as your skin. It can cause symptoms such as:

---

Topic: Sarcoidosis
Sarcoidosis: What is sarcoidosis?

Sarcoidosis is a condition in which groups of cells in your immune system form small, red, and swollen (inflamed) lumps. These lumps are called granulomas. They can form in any organ in the body. But they most commonly affect the lungs and lymph nodes in the chest. Over time, sarcoidosis can cause permanent scarring of organs.

---

Topic: Raynaud Phenomenon
Raynaud Phenomenon (also called: Raynaud's disease, Raynaud's syndrome): Certain diseases. These include lupus, scleroderma, rheumatoid arthritis (RA), carpal tunnel syndrome , and connective tissue disorders .

Certain medicines. Medicines that treat high blood pressure , migraines , and attention deficit hyperactivity disorder (ADHD) may cause similar symptoms to Raynaud phenomenon or make your symptoms worse.

---

Topic: Raynaud Phenomenon
Raynaud Phenomenon (also called: Raynaud's disease, Raynaud's syndrome): Keeping your body, especially your hands and feet, warm in cold weather.

Avoiding triggers, such as certain medicines and stress.

Quitting smoking (or not starting smoking).

Managing stress.

NIH: National Institute of Arthritis and Musculoskeletal and Skin Diseases"
none,What is (are) Scleroderma?,"Other conditions like lupus, rheumatoid arthritis, and connective tissue disorders can also cause Raynaud's phenomenon .",1,,"Topic: Scleroderma
Scleroderma (also called: Circumscribed scleroderma, Dermatosclerosis, Morphea, Systemic sclerosis): Raynaud's phenomenon , a narrowing of blood vessels in the hands or feet

Damage to your internal organs, including your digestive system , lungs, kidneys, and heart

How is scleroderma diagnosed?

There is no single test for scleroderma. The symptoms can vary from person to person and can be similar to those of other diseases. This can make scleroderma hard to diagnose.

---

Topic: Scleroderma
Scleroderma (also called: Circumscribed scleroderma, Dermatosclerosis, Morphea, Systemic sclerosis): Lines of thickened or different colored skin that run down your arm, leg, and, rarely, on the forehead. This is called linear scleroderma.

Systemic scleroderma can cause problems with your internal organs as well as your skin. It can cause symptoms such as:

---

Topic: Sarcoidosis
Sarcoidosis: What is sarcoidosis?

Sarcoidosis is a condition in which groups of cells in your immune system form small, red, and swollen (inflamed) lumps. These lumps are called granulomas. They can form in any organ in the body. But they most commonly affect the lungs and lymph nodes in the chest. Over time, sarcoidosis can cause permanent scarring of organs.

---

Topic: Raynaud Phenomenon
Raynaud Phenomenon (also called: Raynaud's disease, Raynaud's syndrome): Certain diseases. These include lupus, scleroderma, rheumatoid arthritis (RA), carpal tunnel syndrome , and connective tissue disorders .

Certain medicines. Medicines that treat high blood pressure , migraines , and attention deficit hyperactivity disorder (ADHD) may cause similar symptoms to Raynaud phenomenon or make your symptoms worse.

---

Topic: Raynaud Phenomenon
Raynaud Phenomenon (also called: Raynaud's disease, Raynaud's syndrome): Keeping your body, especially your hands and feet, warm in cold weather.

Avoiding triggers, such as certain medicines and stress.

Quitting smoking (or not starting smoking).

Managing stress.

NIH: National Institute of Arthritis and Musculoskeletal and Skin Diseases"
grade6,What is (are) Scleroderma?,"Scleroderma is a condition that can affect your skin and some internal organs like the digestive system, lungs, kidneys, and heart.",1,,"Topic: Scleroderma
Scleroderma (also called: Circumscribed scleroderma, Dermatosclerosis, Morphea, Systemic sclerosis): Raynaud's phenomenon , a narrowing of blood vessels in the hands or feet

Damage to your internal organs, including your digestive system , lungs, kidneys, and heart

How is scleroderma diagnosed?

There is no single test for scleroderma. The symptoms can vary from person to person and can be similar to those of other diseases. This can make scleroderma hard to diagnose.

---

Topic: Scleroderma
Scleroderma (also called: Circumscribed scleroderma, Dermatosclerosis, Morphea, Systemic sclerosis): Lines of thickened or different colored skin that run down your arm, leg, and, rarely, on the forehead. This is called linear scleroderma.

Systemic scleroderma can cause problems with your internal organs as well as your skin. It can cause symptoms such as:

---

Topic: Sarcoidosis
Sarcoidosis: What is sarcoidosis?

Sarcoidosis is a condition in which groups of cells in your immune system form small, red, and swollen (inflamed) lumps. These lumps are called granulomas. They can form in any organ in the body. But they most commonly affect the lungs and lymph nodes in the chest. Over time, sarcoidosis can cause permanent scarring of organs.

---

Topic: Raynaud Phenomenon
Raynaud Phenomenon (also called: Raynaud's disease, Raynaud's syndrome): Certain diseases. These include lupus, scleroderma, rheumatoid arthritis (RA), carpal tunnel syndrome , and connective tissue disorders .

Certain medicines. Medicines that treat high blood pressure , migraines , and attention deficit hyperactivity disorder (ADHD) may cause similar symptoms to Raynaud phenomenon or make your symptoms worse.

---

Topic: Raynaud Phenomenon
Raynaud Phenomenon (also called: Raynaud's disease, Raynaud's syndrome): Keeping your body, especially your hands and feet, warm in cold weather.

Avoiding triggers, such as certain medicines and stress.

Quitting smoking (or not starting smoking).

Managing stress.

NIH: National Institute of Arthritis and Musculoskeletal and Skin Diseases"
grade6,What is (are) Scleroderma?,"It can cause lines of thickened or different colored skin on your arms, legs, and rarely on the forehead .",1,,"Topic: Scleroderma
Scleroderma (also called: Circumscribed scleroderma, Dermatosclerosis, Morphea, Systemic sclerosis): Raynaud's phenomenon , a narrowing of blood vessels in the hands or feet

Damage to your internal organs, including your digestive system , lungs, kidneys, and heart

How is scleroderma diagnosed?

There is no single test for scleroderma. The symptoms can vary from person to person and can be similar to those of other diseases. This can make scleroderma hard to diagnose.

---

Topic: Scleroderma
Scleroderma (also called: Circumscribed scleroderma, Dermatosclerosis, Morphea, Systemic sclerosis): Lines of thickened or different colored skin that run down your arm, leg, and, rarely, on the forehead. This is called linear scleroderma.

Systemic scleroderma can cause problems with your internal organs as well as your skin. It can cause symptoms such as:

---

Topic: Sarcoidosis
Sarcoidosis: What is sarcoidosis?

Sarcoidosis is a condition in which groups of cells in your immune system form small, red, and swollen (inflamed) lumps. These lumps are called granulomas. They can form in any organ in the body. But they most commonly affect the lungs and lymph nodes in the chest. Over time, sarcoidosis can cause permanent scarring of organs.

---

Topic: Raynaud Phenomenon
Raynaud Phenomenon (also called: Raynaud's disease, Raynaud's syndrome): Certain diseases. These include lupus, scleroderma, rheumatoid arthritis (RA), carpal tunnel syndrome , and connective tissue disorders .

Certain medicines. Medicines that treat high blood pressure , migraines , and attention deficit hyperactivity disorder (ADHD) may cause similar symptoms to Raynaud phenomenon or make your symptoms worse.

---

Topic: Raynaud Phenomenon
Raynaud Phenomenon (also called: Raynaud's disease, Raynaud's syndrome): Keeping your body, especially your hands and feet, warm in cold weather.

Avoiding triggers, such as certain medicines and stress.

Quitting smoking (or not starting smoking).

Managing stress.

NIH: National Institute of Arthritis and Musculoskeletal and Skin Diseases"
grade6,What is (are) Scleroderma?,Sometimes it's called Morphea or Systemic sclerosis.,1,,"Topic: Scleroderma
Scleroderma (also called: Circumscribed scleroderma, Dermatosclerosis, Morphea, Systemic sclerosis): Raynaud's phenomenon , a narrowing of blood vessels in the hands or feet

Damage to your internal organs, including your digestive system , lungs, kidneys, and heart

How is scleroderma diagnosed?

There is no single test for scleroderma. The symptoms can vary from person to person and can be similar to those of other diseases. This can make scleroderma hard to diagnose.

---

Topic: Scleroderma
Scleroderma (also called: Circumscribed scleroderma, Dermatosclerosis, Morphea, Systemic sclerosis): Lines of thickened or different colored skin that run down your arm, leg, and, rarely, on the forehead. This is called linear scleroderma.

Systemic scleroderma can cause problems with your internal organs as well as your skin. It can cause symptoms such as:

---

Topic: Sarcoidosis
Sarcoidosis: What is sarcoidosis?

Sarcoidosis is a condition in which groups of cells in your immune system form small, red, and swollen (inflamed) lumps. These lumps are called granulomas. They can form in any organ in the body. But they most commonly affect the lungs and lymph nodes in the chest. Over time, sarcoidosis can cause permanent scarring of organs.

---

Topic: Raynaud Phenomenon
Raynaud Phenomenon (also called: Raynaud's disease, Raynaud's syndrome): Certain diseases. These include lupus, scleroderma, rheumatoid arthritis (RA), carpal tunnel syndrome , and connective tissue disorders .

Certain medicines. Medicines that treat high blood pressure , migraines , and attention deficit hyperactivity disorder (ADHD) may cause similar symptoms to Raynaud phenomenon or make your symptoms worse.

---

Topic: Raynaud Phenomenon
Raynaud Phenomenon (also called: Raynaud's disease, Raynaud's syndrome): Keeping your body, especially your hands and feet, warm in cold weather.

Avoiding triggers, such as certain medicines and stress.

Quitting smoking (or not starting smoking).

Managing stress.

NIH: National Institute of Arthritis and Musculoskeletal and Skin Diseases"
grade6,What is (are) Scleroderma?,"This condition might also lead to Raynaud's phenomenon, which means there's a narrowing of blood vessels in your hands or feet .",1,,"Topic: Scleroderma
Scleroderma (also called: Circumscribed scleroderma, Dermatosclerosis, Morphea, Systemic sclerosis): Raynaud's phenomenon , a narrowing of blood vessels in the hands or feet

Damage to your internal organs, including your digestive system , lungs, kidneys, and heart

How is scleroderma diagnosed?

There is no single test for scleroderma. The symptoms can vary from person to person and can be similar to those of other diseases. This can make scleroderma hard to diagnose.

---

Topic: Scleroderma
Scleroderma (also called: Circumscribed scleroderma, Dermatosclerosis, Morphea, Systemic sclerosis): Lines of thickened or different colored skin that run down your arm, leg, and, rarely, on the forehead. This is called linear scleroderma.

Systemic scleroderma can cause problems with your internal organs as well as your skin. It can cause symptoms such as:

---

Topic: Sarcoidosis
Sarcoidosis: What is sarcoidosis?

Sarcoidosis is a condition in which groups of cells in your immune system form small, red, and swollen (inflamed) lumps. These lumps are called granulomas. They can form in any organ in the body. But they most commonly affect the lungs and lymph nodes in the chest. Over time, sarcoidosis can cause permanent scarring of organs.

---

Topic: Raynaud Phenomenon
Raynaud Phenomenon (also called: Raynaud's disease, Raynaud's syndrome): Certain diseases. These include lupus, scleroderma, rheumatoid arthritis (RA), carpal tunnel syndrome , and connective tissue disorders .

Certain medicines. Medicines that treat high blood pressure , migraines , and attention deficit hyperactivity disorder (ADHD) may cause similar symptoms to Raynaud phenomenon or make your symptoms worse.

---

Topic: Raynaud Phenomenon
Raynaud Phenomenon (also called: Raynaud's disease, Raynaud's syndrome): Keeping your body, especially your hands and feet, warm in cold weather.

Avoiding triggers, such as certain medicines and stress.

Quitting smoking (or not starting smoking).

Managing stress.

NIH: National Institute of Arthritis and Musculoskeletal and Skin Diseases"
grade6,What is (are) Scleroderma?,It can be hard to diagnose because the symptoms vary from person to person and can resemble other diseases .,1,,"Topic: Scleroderma
Scleroderma (also called: Circumscribed scleroderma, Dermatosclerosis, Morphea, Systemic sclerosis): Raynaud's phenomenon , a narrowing of blood vessels in the hands or feet

Damage to your internal organs, including your digestive system , lungs, kidneys, and heart

How is scleroderma diagnosed?

There is no single test for scleroderma. The symptoms can vary from person to person and can be similar to those of other diseases. This can make scleroderma hard to diagnose.

---

Topic: Scleroderma
Scleroderma (also called: Circumscribed scleroderma, Dermatosclerosis, Morphea, Systemic sclerosis): Lines of thickened or different colored skin that run down your arm, leg, and, rarely, on the forehead. This is called linear scleroderma.

Systemic scleroderma can cause problems with your internal organs as well as your skin. It can cause symptoms such as:

---

Topic: Sarcoidosis
Sarcoidosis: What is sarcoidosis?

Sarcoidosis is a condition in which groups of cells in your immune system form small, red, and swollen (inflamed) lumps. These lumps are called granulomas. They can form in any organ in the body. But they most commonly affect the lungs and lymph nodes in the chest. Over time, sarcoidosis can cause permanent scarring of organs.

---

Topic: Raynaud Phenomenon
Raynaud Phenomenon (also called: Raynaud's disease, Raynaud's syndrome): Certain diseases. These include lupus, scleroderma, rheumatoid arthritis (RA), carpal tunnel syndrome , and connective tissue disorders .

Certain medicines. Medicines that treat high blood pressure , migraines , and attention deficit hyperactivity disorder (ADHD) may cause similar symptoms to Raynaud phenomenon or make your symptoms worse.

---

Topic: Raynaud Phenomenon
Raynaud Phenomenon (also called: Raynaud's disease, Raynaud's syndrome): Keeping your body, especially your hands and feet, warm in cold weather.

Avoiding triggers, such as certain medicines and stress.

Quitting smoking (or not starting smoking).

Managing stress.

NIH: National Institute of Arthritis and Musculoskeletal and Skin Diseases"
none,What is (are) Skin Conditions?,Skin conditions are various problems and issues that can affect the health and appearance of your skin.,1,,"Topic: Skin Conditions
Skin Conditions (also called: Cutaneous disorders, Dermatologic disorders): There are many different problems and conditions which can affect your skin. Some of them can cause uncomfortable symptoms, such as itching , burning, redness, and rashes . They might also affect your appearance. Some of the more common skin conditions include:

Acne , which causes pimples when hair follicles under your skin get clogged up

---

Topic: Skin Conditions
Skin Conditions (also called: Cutaneous disorders, Dermatologic disorders): Helps control your body temperature

Makes vitamin D when the sun shines on it

Shields your body against heat and light

What problems and conditions can affect your skin?

There are many different problems and conditions which can affect your skin. Some of them can cause uncomfortable symptoms, such as itching , burning, redness, and rashes . They might also affect your appearance. Some of the more common skin conditions include:

---

Topic: Itching
Itching (also called: Pruritus): Skin conditions such as eczema , psoriasis , and dry skin

Irritating chemicals, cosmetics , and other substances

Parasites such as pinworms , scabies , head and body lice

Pregnancy

Liver , kidney , or thyroid diseases

---

Topic: Skin Infections
Skin Infections: What are skin infections?

Your skin is your body's largest organ. It has many different functions, including covering and protecting your body. It helps keep germs out. But sometimes the germs can cause a skin infection. It often happens when the germs enter your body through a break, cut, or wound on your skin. Other skin infections can happen in places where the skin rubs together, especially if the area is moist. Infections can also happen when you have a poor blood supply to an area of your body or if your immune system is weakened because of another disease or a medical treatment.

---

Topic: Skin Infections
Skin Infections: The symptoms depend on the type of infection. Some symptoms that are common to many skin infections include rashes , swelling, redness, pain, pus, and itching .

How are skin infections diagnosed?

To diagnose a skin infection, your health care provider will do a physical exam and ask about your symptoms. You may have lab tests, such as a skin culture. This is a test to identify what type of infection you have, using a sample from your skin. Your provider may take the sample by swabbing or scraping your skin or removing a small piece of skin ( biopsy ). Sometimes providers use other tests, such as blood tests."
none,What is (are) Skin Conditions?,"Some common examples include acne, eczema, psoriasis, and dry skin .",1,,"Topic: Skin Conditions
Skin Conditions (also called: Cutaneous disorders, Dermatologic disorders): There are many different problems and conditions which can affect your skin. Some of them can cause uncomfortable symptoms, such as itching , burning, redness, and rashes . They might also affect your appearance. Some of the more common skin conditions include:

Acne , which causes pimples when hair follicles under your skin get clogged up

---

Topic: Skin Conditions
Skin Conditions (also called: Cutaneous disorders, Dermatologic disorders): Helps control your body temperature

Makes vitamin D when the sun shines on it

Shields your body against heat and light

What problems and conditions can affect your skin?

There are many different problems and conditions which can affect your skin. Some of them can cause uncomfortable symptoms, such as itching , burning, redness, and rashes . They might also affect your appearance. Some of the more common skin conditions include:

---

Topic: Itching
Itching (also called: Pruritus): Skin conditions such as eczema , psoriasis , and dry skin

Irritating chemicals, cosmetics , and other substances

Parasites such as pinworms , scabies , head and body lice

Pregnancy

Liver , kidney , or thyroid diseases

---

Topic: Skin Infections
Skin Infections: What are skin infections?

Your skin is your body's largest organ. It has many different functions, including covering and protecting your body. It helps keep germs out. But sometimes the germs can cause a skin infection. It often happens when the germs enter your body through a break, cut, or wound on your skin. Other skin infections can happen in places where the skin rubs together, especially if the area is moist. Infections can also happen when you have a poor blood supply to an area of your body or if your immune system is weakened because of another disease or a medical treatment.

---

Topic: Skin Infections
Skin Infections: The symptoms depend on the type of infection. Some symptoms that are common to many skin infections include rashes , swelling, redness, pain, pus, and itching .

How are skin infections diagnosed?

To diagnose a skin infection, your health care provider will do a physical exam and ask about your symptoms. You may have lab tests, such as a skin culture. This is a test to identify what type of infection you have, using a sample from your skin. Your provider may take the sample by swabbing or scraping your skin or removing a small piece of skin ( biopsy ). Sometimes providers use other tests, such as blood tests."
none,What is (are) Skin Conditions?,"These conditions can cause symptoms like itching, burning, redness, and rashes .",1,,"Topic: Skin Conditions
Skin Conditions (also called: Cutaneous disorders, Dermatologic disorders): There are many different problems and conditions which can affect your skin. Some of them can cause uncomfortable symptoms, such as itching , burning, redness, and rashes . They might also affect your appearance. Some of the more common skin conditions include:

Acne , which causes pimples when hair follicles under your skin get clogged up

---

Topic: Skin Conditions
Skin Conditions (also called: Cutaneous disorders, Dermatologic disorders): Helps control your body temperature

Makes vitamin D when the sun shines on it

Shields your body against heat and light

What problems and conditions can affect your skin?

There are many different problems and conditions which can affect your skin. Some of them can cause uncomfortable symptoms, such as itching , burning, redness, and rashes . They might also affect your appearance. Some of the more common skin conditions include:

---

Topic: Itching
Itching (also called: Pruritus): Skin conditions such as eczema , psoriasis , and dry skin

Irritating chemicals, cosmetics , and other substances

Parasites such as pinworms , scabies , head and body lice

Pregnancy

Liver , kidney , or thyroid diseases

---

Topic: Skin Infections
Skin Infections: What are skin infections?

Your skin is your body's largest organ. It has many different functions, including covering and protecting your body. It helps keep germs out. But sometimes the germs can cause a skin infection. It often happens when the germs enter your body through a break, cut, or wound on your skin. Other skin infections can happen in places where the skin rubs together, especially if the area is moist. Infections can also happen when you have a poor blood supply to an area of your body or if your immune system is weakened because of another disease or a medical treatment.

---

Topic: Skin Infections
Skin Infections: The symptoms depend on the type of infection. Some symptoms that are common to many skin infections include rashes , swelling, redness, pain, pus, and itching .

How are skin infections diagnosed?

To diagnose a skin infection, your health care provider will do a physical exam and ask about your symptoms. You may have lab tests, such as a skin culture. This is a test to identify what type of infection you have, using a sample from your skin. Your provider may take the sample by swabbing or scraping your skin or removing a small piece of skin ( biopsy ). Sometimes providers use other tests, such as blood tests."
none,What is (are) Skin Conditions?,"Other causes of skin conditions may be irritating substances such as chemicals or cosmetics, parasites like pinworms, scabies, head lice, or underlying health issues such as pregnancy, liver, kidney, or thyroid diseases .",1,,"Topic: Skin Conditions
Skin Conditions (also called: Cutaneous disorders, Dermatologic disorders): There are many different problems and conditions which can affect your skin. Some of them can cause uncomfortable symptoms, such as itching , burning, redness, and rashes . They might also affect your appearance. Some of the more common skin conditions include:

Acne , which causes pimples when hair follicles under your skin get clogged up

---

Topic: Skin Conditions
Skin Conditions (also called: Cutaneous disorders, Dermatologic disorders): Helps control your body temperature

Makes vitamin D when the sun shines on it

Shields your body against heat and light

What problems and conditions can affect your skin?

There are many different problems and conditions which can affect your skin. Some of them can cause uncomfortable symptoms, such as itching , burning, redness, and rashes . They might also affect your appearance. Some of the more common skin conditions include:

---

Topic: Itching
Itching (also called: Pruritus): Skin conditions such as eczema , psoriasis , and dry skin

Irritating chemicals, cosmetics , and other substances

Parasites such as pinworms , scabies , head and body lice

Pregnancy

Liver , kidney , or thyroid diseases

---

Topic: Skin Infections
Skin Infections: What are skin infections?

Your skin is your body's largest organ. It has many different functions, including covering and protecting your body. It helps keep germs out. But sometimes the germs can cause a skin infection. It often happens when the germs enter your body through a break, cut, or wound on your skin. Other skin infections can happen in places where the skin rubs together, especially if the area is moist. Infections can also happen when you have a poor blood supply to an area of your body or if your immune system is weakened because of another disease or a medical treatment.

---

Topic: Skin Infections
Skin Infections: The symptoms depend on the type of infection. Some symptoms that are common to many skin infections include rashes , swelling, redness, pain, pus, and itching .

How are skin infections diagnosed?

To diagnose a skin infection, your health care provider will do a physical exam and ask about your symptoms. You may have lab tests, such as a skin culture. This is a test to identify what type of infection you have, using a sample from your skin. Your provider may take the sample by swabbing or scraping your skin or removing a small piece of skin ( biopsy ). Sometimes providers use other tests, such as blood tests."
grade6,What is (are) Skin Conditions?,Skin Conditions are problems or disorders that can affect your skin.,1,,"Topic: Skin Conditions
Skin Conditions (also called: Cutaneous disorders, Dermatologic disorders): There are many different problems and conditions which can affect your skin. Some of them can cause uncomfortable symptoms, such as itching , burning, redness, and rashes . They might also affect your appearance. Some of the more common skin conditions include:

Acne , which causes pimples when hair follicles under your skin get clogged up

---

Topic: Skin Conditions
Skin Conditions (also called: Cutaneous disorders, Dermatologic disorders): Helps control your body temperature

Makes vitamin D when the sun shines on it

Shields your body against heat and light

What problems and conditions can affect your skin?

There are many different problems and conditions which can affect your skin. Some of them can cause uncomfortable symptoms, such as itching , burning, redness, and rashes . They might also affect your appearance. Some of the more common skin conditions include:

---

Topic: Itching
Itching (also called: Pruritus): Skin conditions such as eczema , psoriasis , and dry skin

Irritating chemicals, cosmetics , and other substances

Parasites such as pinworms , scabies , head and body lice

Pregnancy

Liver , kidney , or thyroid diseases

---

Topic: Skin Infections
Skin Infections: What are skin infections?

Your skin is your body's largest organ. It has many different functions, including covering and protecting your body. It helps keep germs out. But sometimes the germs can cause a skin infection. It often happens when the germs enter your body through a break, cut, or wound on your skin. Other skin infections can happen in places where the skin rubs together, especially if the area is moist. Infections can also happen when you have a poor blood supply to an area of your body or if your immune system is weakened because of another disease or a medical treatment.

---

Topic: Skin Infections
Skin Infections: The symptoms depend on the type of infection. Some symptoms that are common to many skin infections include rashes , swelling, redness, pain, pus, and itching .

How are skin infections diagnosed?

To diagnose a skin infection, your health care provider will do a physical exam and ask about your symptoms. You may have lab tests, such as a skin culture. This is a test to identify what type of infection you have, using a sample from your skin. Your provider may take the sample by swabbing or scraping your skin or removing a small piece of skin ( biopsy ). Sometimes providers use other tests, such as blood tests."
grade6,What is (are) Skin Conditions?,"They can cause symptoms like itching, burning, redness, and rashes, and may also change how your skin looks.",1,,"Topic: Skin Conditions
Skin Conditions (also called: Cutaneous disorders, Dermatologic disorders): There are many different problems and conditions which can affect your skin. Some of them can cause uncomfortable symptoms, such as itching , burning, redness, and rashes . They might also affect your appearance. Some of the more common skin conditions include:

Acne , which causes pimples when hair follicles under your skin get clogged up

---

Topic: Skin Conditions
Skin Conditions (also called: Cutaneous disorders, Dermatologic disorders): Helps control your body temperature

Makes vitamin D when the sun shines on it

Shields your body against heat and light

What problems and conditions can affect your skin?

There are many different problems and conditions which can affect your skin. Some of them can cause uncomfortable symptoms, such as itching , burning, redness, and rashes . They might also affect your appearance. Some of the more common skin conditions include:

---

Topic: Itching
Itching (also called: Pruritus): Skin conditions such as eczema , psoriasis , and dry skin

Irritating chemicals, cosmetics , and other substances

Parasites such as pinworms , scabies , head and body lice

Pregnancy

Liver , kidney , or thyroid diseases

---

Topic: Skin Infections
Skin Infections: What are skin infections?

Your skin is your body's largest organ. It has many different functions, including covering and protecting your body. It helps keep germs out. But sometimes the germs can cause a skin infection. It often happens when the germs enter your body through a break, cut, or wound on your skin. Other skin infections can happen in places where the skin rubs together, especially if the area is moist. Infections can also happen when you have a poor blood supply to an area of your body or if your immune system is weakened because of another disease or a medical treatment.

---

Topic: Skin Infections
Skin Infections: The symptoms depend on the type of infection. Some symptoms that are common to many skin infections include rashes , swelling, redness, pain, pus, and itching .

How are skin infections diagnosed?

To diagnose a skin infection, your health care provider will do a physical exam and ask about your symptoms. You may have lab tests, such as a skin culture. This is a test to identify what type of infection you have, using a sample from your skin. Your provider may take the sample by swabbing or scraping your skin or removing a small piece of skin ( biopsy ). Sometimes providers use other tests, such as blood tests."
grade6,What is (are) Skin Conditions?,"Some common skin conditions include acne, eczema, psoriasis, and dry skin .",1,,"Topic: Skin Conditions
Skin Conditions (also called: Cutaneous disorders, Dermatologic disorders): There are many different problems and conditions which can affect your skin. Some of them can cause uncomfortable symptoms, such as itching , burning, redness, and rashes . They might also affect your appearance. Some of the more common skin conditions include:

Acne , which causes pimples when hair follicles under your skin get clogged up

---

Topic: Skin Conditions
Skin Conditions (also called: Cutaneous disorders, Dermatologic disorders): Helps control your body temperature

Makes vitamin D when the sun shines on it

Shields your body against heat and light

What problems and conditions can affect your skin?

There are many different problems and conditions which can affect your skin. Some of them can cause uncomfortable symptoms, such as itching , burning, redness, and rashes . They might also affect your appearance. Some of the more common skin conditions include:

---

Topic: Itching
Itching (also called: Pruritus): Skin conditions such as eczema , psoriasis , and dry skin

Irritating chemicals, cosmetics , and other substances

Parasites such as pinworms , scabies , head and body lice

Pregnancy

Liver , kidney , or thyroid diseases

---

Topic: Skin Infections
Skin Infections: What are skin infections?

Your skin is your body's largest organ. It has many different functions, including covering and protecting your body. It helps keep germs out. But sometimes the germs can cause a skin infection. It often happens when the germs enter your body through a break, cut, or wound on your skin. Other skin infections can happen in places where the skin rubs together, especially if the area is moist. Infections can also happen when you have a poor blood supply to an area of your body or if your immune system is weakened because of another disease or a medical treatment.

---

Topic: Skin Infections
Skin Infections: The symptoms depend on the type of infection. Some symptoms that are common to many skin infections include rashes , swelling, redness, pain, pus, and itching .

How are skin infections diagnosed?

To diagnose a skin infection, your health care provider will do a physical exam and ask about your symptoms. You may have lab tests, such as a skin culture. This is a test to identify what type of infection you have, using a sample from your skin. Your provider may take the sample by swabbing or scraping your skin or removing a small piece of skin ( biopsy ). Sometimes providers use other tests, such as blood tests."
none,What are the treatments for Carpal Tunnel Syndrome?,"The treatments for Carpal Tunnel Syndrome can include wearing wrist splints, usually at night , and possibly ultrasound to check the nerve in the carpal tunnel .",1,,"Topic: Carpal Tunnel Syndrome
Carpal Tunnel Syndrome (also called: Median nerve entrapment): Tests to measure the electrical activity in your nerves and muscles

Ultrasound to check the nerve in the carpal tunnel

What are the treatments for carpal tunnel syndrome?

It's easier to treat carpal tunnel syndrome early on, so you should start treatment as soon as possible. Your provider will first treat any health conditions you have that may cause your symptoms. The next step would be treatments for carpal tunnel syndrome. They may include:

---

Topic: Carpal Tunnel Syndrome
Carpal Tunnel Syndrome (also called: Median nerve entrapment): It's easier to treat carpal tunnel syndrome early on, so you should start treatment as soon as possible. Your provider will first treat any health conditions you have that may cause your symptoms. The next step would be treatments for carpal tunnel syndrome. They may include:

Wrist splints (usually worn at night).

---

Topic: Thoracic Outlet Syndrome
Thoracic Outlet Syndrome (also called: TOS): Treatment depends on what caused your TOS. Medicines, physical therapy, and relaxation might help. Surgery may also be an option. Most people recover.

NIH: National Institute of Neurological Disorders and Stroke

---

Topic: Wrist Injuries and Disorders
Wrist Injuries and Disorders: A physical exam, including checking your wrist strength and range of motion

An x-ray or other imaging test

Blood tests

What are the treatments for wrist injuries and disorders?

Treatments for wrist pain depends on the type of injury or disorder. They may include:

---

Topic: Thoracic Outlet Syndrome
Thoracic Outlet Syndrome (also called: TOS): Anatomical defects

Tumors that press on nerves

Poor posture that causes nerve compression

Pregnancy

Repetitive arm and shoulder movements and activity, such as from playing certain sports

Treatment depends on what caused your TOS. Medicines, physical therapy, and relaxation might help. Surgery may also be an option. Most people recover."
none,What are the treatments for Carpal Tunnel Syndrome?,Your healthcare provider may also suggest treating any underlying health conditions that might be causing your symptoms before focusing on treatments specific to Carpal Tunnel Syndrome.,1,,"Topic: Carpal Tunnel Syndrome
Carpal Tunnel Syndrome (also called: Median nerve entrapment): Tests to measure the electrical activity in your nerves and muscles

Ultrasound to check the nerve in the carpal tunnel

What are the treatments for carpal tunnel syndrome?

It's easier to treat carpal tunnel syndrome early on, so you should start treatment as soon as possible. Your provider will first treat any health conditions you have that may cause your symptoms. The next step would be treatments for carpal tunnel syndrome. They may include:

---

Topic: Carpal Tunnel Syndrome
Carpal Tunnel Syndrome (also called: Median nerve entrapment): It's easier to treat carpal tunnel syndrome early on, so you should start treatment as soon as possible. Your provider will first treat any health conditions you have that may cause your symptoms. The next step would be treatments for carpal tunnel syndrome. They may include:

Wrist splints (usually worn at night).

---

Topic: Thoracic Outlet Syndrome
Thoracic Outlet Syndrome (also called: TOS): Treatment depends on what caused your TOS. Medicines, physical therapy, and relaxation might help. Surgery may also be an option. Most people recover.

NIH: National Institute of Neurological Disorders and Stroke

---

Topic: Wrist Injuries and Disorders
Wrist Injuries and Disorders: A physical exam, including checking your wrist strength and range of motion

An x-ray or other imaging test

Blood tests

What are the treatments for wrist injuries and disorders?

Treatments for wrist pain depends on the type of injury or disorder. They may include:

---

Topic: Thoracic Outlet Syndrome
Thoracic Outlet Syndrome (also called: TOS): Anatomical defects

Tumors that press on nerves

Poor posture that causes nerve compression

Pregnancy

Repetitive arm and shoulder movements and activity, such as from playing certain sports

Treatment depends on what caused your TOS. Medicines, physical therapy, and relaxation might help. Surgery may also be an option. Most people recover."
grade6,What are the treatments for Carpal Tunnel Syndrome?,"The treatments for Carpal Tunnel Syndrome can include wearing wrist splints, especially at night .",1,,"Topic: Carpal Tunnel Syndrome
Carpal Tunnel Syndrome (also called: Median nerve entrapment): Tests to measure the electrical activity in your nerves and muscles

Ultrasound to check the nerve in the carpal tunnel

What are the treatments for carpal tunnel syndrome?

It's easier to treat carpal tunnel syndrome early on, so you should start treatment as soon as possible. Your provider will first treat any health conditions you have that may cause your symptoms. The next step would be treatments for carpal tunnel syndrome. They may include:

---

Topic: Carpal Tunnel Syndrome
Carpal Tunnel Syndrome (also called: Median nerve entrapment): It's easier to treat carpal tunnel syndrome early on, so you should start treatment as soon as possible. Your provider will first treat any health conditions you have that may cause your symptoms. The next step would be treatments for carpal tunnel syndrome. They may include:

Wrist splints (usually worn at night).

---

Topic: Thoracic Outlet Syndrome
Thoracic Outlet Syndrome (also called: TOS): Treatment depends on what caused your TOS. Medicines, physical therapy, and relaxation might help. Surgery may also be an option. Most people recover.

NIH: National Institute of Neurological Disorders and Stroke

---

Topic: Wrist Injuries and Disorders
Wrist Injuries and Disorders: A physical exam, including checking your wrist strength and range of motion

An x-ray or other imaging test

Blood tests

What are the treatments for wrist injuries and disorders?

Treatments for wrist pain depends on the type of injury or disorder. They may include:

---

Topic: Thoracic Outlet Syndrome
Thoracic Outlet Syndrome (also called: TOS): Anatomical defects

Tumors that press on nerves

Poor posture that causes nerve compression

Pregnancy

Repetitive arm and shoulder movements and activity, such as from playing certain sports

Treatment depends on what caused your TOS. Medicines, physical therapy, and relaxation might help. Surgery may also be an option. Most people recover."
grade6,What are the treatments for Carpal Tunnel Syndrome?,Your healthcare provider might also suggest tests like an ultrasound to check the nerve in your carpal tunnel .,1,,"Topic: Carpal Tunnel Syndrome
Carpal Tunnel Syndrome (also called: Median nerve entrapment): Tests to measure the electrical activity in your nerves and muscles

Ultrasound to check the nerve in the carpal tunnel

What are the treatments for carpal tunnel syndrome?

It's easier to treat carpal tunnel syndrome early on, so you should start treatment as soon as possible. Your provider will first treat any health conditions you have that may cause your symptoms. The next step would be treatments for carpal tunnel syndrome. They may include:

---

Topic: Carpal Tunnel Syndrome
Carpal Tunnel Syndrome (also called: Median nerve entrapment): It's easier to treat carpal tunnel syndrome early on, so you should start treatment as soon as possible. Your provider will first treat any health conditions you have that may cause your symptoms. The next step would be treatments for carpal tunnel syndrome. They may include:

Wrist splints (usually worn at night).

---

Topic: Thoracic Outlet Syndrome
Thoracic Outlet Syndrome (also called: TOS): Treatment depends on what caused your TOS. Medicines, physical therapy, and relaxation might help. Surgery may also be an option. Most people recover.

NIH: National Institute of Neurological Disorders and Stroke

---

Topic: Wrist Injuries and Disorders
Wrist Injuries and Disorders: A physical exam, including checking your wrist strength and range of motion

An x-ray or other imaging test

Blood tests

What are the treatments for wrist injuries and disorders?

Treatments for wrist pain depends on the type of injury or disorder. They may include:

---

Topic: Thoracic Outlet Syndrome
Thoracic Outlet Syndrome (also called: TOS): Anatomical defects

Tumors that press on nerves

Poor posture that causes nerve compression

Pregnancy

Repetitive arm and shoulder movements and activity, such as from playing certain sports

Treatment depends on what caused your TOS. Medicines, physical therapy, and relaxation might help. Surgery may also be an option. Most people recover."
grade6,What are the treatments for Carpal Tunnel Syndrome?,"If needed, they may recommend other treatments as well.",1,,"Topic: Carpal Tunnel Syndrome
Carpal Tunnel Syndrome (also called: Median nerve entrapment): Tests to measure the electrical activity in your nerves and muscles

Ultrasound to check the nerve in the carpal tunnel

What are the treatments for carpal tunnel syndrome?

It's easier to treat carpal tunnel syndrome early on, so you should start treatment as soon as possible. Your provider will first treat any health conditions you have that may cause your symptoms. The next step would be treatments for carpal tunnel syndrome. They may include:

---

Topic: Carpal Tunnel Syndrome
Carpal Tunnel Syndrome (also called: Median nerve entrapment): It's easier to treat carpal tunnel syndrome early on, so you should start treatment as soon as possible. Your provider will first treat any health conditions you have that may cause your symptoms. The next step would be treatments for carpal tunnel syndrome. They may include:

Wrist splints (usually worn at night).

---

Topic: Thoracic Outlet Syndrome
Thoracic Outlet Syndrome (also called: TOS): Treatment depends on what caused your TOS. Medicines, physical therapy, and relaxation might help. Surgery may also be an option. Most people recover.

NIH: National Institute of Neurological Disorders and Stroke

---

Topic: Wrist Injuries and Disorders
Wrist Injuries and Disorders: A physical exam, including checking your wrist strength and range of motion

An x-ray or other imaging test

Blood tests

What are the treatments for wrist injuries and disorders?

Treatments for wrist pain depends on the type of injury or disorder. They may include:

---

Topic: Thoracic Outlet Syndrome
Thoracic Outlet Syndrome (also called: TOS): Anatomical defects

Tumors that press on nerves

Poor posture that causes nerve compression

Pregnancy

Repetitive arm and shoulder movements and activity, such as from playing certain sports

Treatment depends on what caused your TOS. Medicines, physical therapy, and relaxation might help. Surgery may also be an option. Most people recover."
none,What are the treatments for Gaucher Disease?,"The treatments for Gaucher disease include medicine and enzyme replacement therapy, which can be very effective for types 1 and 3 .",1,,"Topic: Gaucher Disease
Gaucher Disease: Gaucher disease has no cure. Treatment options for types 1 and 3 include medicine and enzyme replacement therapy, which is usually very effective. There is no good treatment for the brain damage of types 2 and 3.

NIH: National Institute of Neurological Disorders and Stroke

---

Topic: Gaucher Disease
Gaucher Disease: In type 3, there may be liver and spleen enlargement. The brain is gradually affected. It usually starts in childhood or adolescence.

Gaucher disease has no cure. Treatment options for types 1 and 3 include medicine and enzyme replacement therapy, which is usually very effective. There is no good treatment for the brain damage of types 2 and 3.

---

Topic: Sickle Cell Disease
Sickle Cell Disease (also called: Hemoglobin SS disease, Sickle cell anemia): People who are thinking about having children can have the test to find out how likely it is that their children will have SCD.

What are the treatments for sickle cell disease (SCD)?

There are many ways to manage sickle cell disease. Your medical team will probably include a hematologist, a doctor who specializes in blood diseases. You will work with your medical team to set up a treatment plan. Possible treatment options may include:

---

Topic: Carbohydrate Metabolism Disorders
Carbohydrate Metabolism Disorders: Treatments may include special diets, supplements, and medicines. Some babies may also need additional treatments, if there are complications. For some disorders, there is no cure, but treatments may help with symptoms.

---

Topic: Sickle Cell Disease
Sickle Cell Disease (also called: Hemoglobin SS disease, Sickle cell anemia): Gene therapies to treat SCD in people who are 12 years and older and have had repeated sickle cell crises. These new therapies involve taking some of your blood stem cells and either adding new DNA to them or changing their existing DNA. Then these cells are given back to you, and they can make a type of hemoglobin that is healthy. This can reduce the complications of SCD, including the SCD crises.

Complementary and alternative medicine (CAM) seems to help some people deal with pain caused by SCD. These types of CAM may lower your pain, especially if it is not well managed with medicines::"
none,What are the treatments for Gaucher Disease?,"However, there is no good treatment for the brain damage in types 2 and 3 .",1,,"Topic: Gaucher Disease
Gaucher Disease: Gaucher disease has no cure. Treatment options for types 1 and 3 include medicine and enzyme replacement therapy, which is usually very effective. There is no good treatment for the brain damage of types 2 and 3.

NIH: National Institute of Neurological Disorders and Stroke

---

Topic: Gaucher Disease
Gaucher Disease: In type 3, there may be liver and spleen enlargement. The brain is gradually affected. It usually starts in childhood or adolescence.

Gaucher disease has no cure. Treatment options for types 1 and 3 include medicine and enzyme replacement therapy, which is usually very effective. There is no good treatment for the brain damage of types 2 and 3.

---

Topic: Sickle Cell Disease
Sickle Cell Disease (also called: Hemoglobin SS disease, Sickle cell anemia): People who are thinking about having children can have the test to find out how likely it is that their children will have SCD.

What are the treatments for sickle cell disease (SCD)?

There are many ways to manage sickle cell disease. Your medical team will probably include a hematologist, a doctor who specializes in blood diseases. You will work with your medical team to set up a treatment plan. Possible treatment options may include:

---

Topic: Carbohydrate Metabolism Disorders
Carbohydrate Metabolism Disorders: Treatments may include special diets, supplements, and medicines. Some babies may also need additional treatments, if there are complications. For some disorders, there is no cure, but treatments may help with symptoms.

---

Topic: Sickle Cell Disease
Sickle Cell Disease (also called: Hemoglobin SS disease, Sickle cell anemia): Gene therapies to treat SCD in people who are 12 years and older and have had repeated sickle cell crises. These new therapies involve taking some of your blood stem cells and either adding new DNA to them or changing their existing DNA. Then these cells are given back to you, and they can make a type of hemoglobin that is healthy. This can reduce the complications of SCD, including the SCD crises.

Complementary and alternative medicine (CAM) seems to help some people deal with pain caused by SCD. These types of CAM may lower your pain, especially if it is not well managed with medicines::"
grade6,What are the treatments for Gaucher Disease?,"The treatments for Gaucher disease include medicine and enzyme replacement therapy, which can be very effective for types 1 and 3 .",1,,"Topic: Gaucher Disease
Gaucher Disease: Gaucher disease has no cure. Treatment options for types 1 and 3 include medicine and enzyme replacement therapy, which is usually very effective. There is no good treatment for the brain damage of types 2 and 3.

NIH: National Institute of Neurological Disorders and Stroke

---

Topic: Gaucher Disease
Gaucher Disease: In type 3, there may be liver and spleen enlargement. The brain is gradually affected. It usually starts in childhood or adolescence.

Gaucher disease has no cure. Treatment options for types 1 and 3 include medicine and enzyme replacement therapy, which is usually very effective. There is no good treatment for the brain damage of types 2 and 3.

---

Topic: Sickle Cell Disease
Sickle Cell Disease (also called: Hemoglobin SS disease, Sickle cell anemia): People who are thinking about having children can have the test to find out how likely it is that their children will have SCD.

What are the treatments for sickle cell disease (SCD)?

There are many ways to manage sickle cell disease. Your medical team will probably include a hematologist, a doctor who specializes in blood diseases. You will work with your medical team to set up a treatment plan. Possible treatment options may include:

---

Topic: Carbohydrate Metabolism Disorders
Carbohydrate Metabolism Disorders: Treatments may include special diets, supplements, and medicines. Some babies may also need additional treatments, if there are complications. For some disorders, there is no cure, but treatments may help with symptoms.

---

Topic: Sickle Cell Disease
Sickle Cell Disease (also called: Hemoglobin SS disease, Sickle cell anemia): Gene therapies to treat SCD in people who are 12 years and older and have had repeated sickle cell crises. These new therapies involve taking some of your blood stem cells and either adding new DNA to them or changing their existing DNA. Then these cells are given back to you, and they can make a type of hemoglobin that is healthy. This can reduce the complications of SCD, including the SCD crises.

Complementary and alternative medicine (CAM) seems to help some people deal with pain caused by SCD. These types of CAM may lower your pain, especially if it is not well managed with medicines::"
grade6,What are the treatments for Gaucher Disease?,"However, there is no good treatment for the brain damage in types 2 and 3 .",1,,"Topic: Gaucher Disease
Gaucher Disease: Gaucher disease has no cure. Treatment options for types 1 and 3 include medicine and enzyme replacement therapy, which is usually very effective. There is no good treatment for the brain damage of types 2 and 3.

NIH: National Institute of Neurological Disorders and Stroke

---

Topic: Gaucher Disease
Gaucher Disease: In type 3, there may be liver and spleen enlargement. The brain is gradually affected. It usually starts in childhood or adolescence.

Gaucher disease has no cure. Treatment options for types 1 and 3 include medicine and enzyme replacement therapy, which is usually very effective. There is no good treatment for the brain damage of types 2 and 3.

---

Topic: Sickle Cell Disease
Sickle Cell Disease (also called: Hemoglobin SS disease, Sickle cell anemia): People who are thinking about having children can have the test to find out how likely it is that their children will have SCD.

What are the treatments for sickle cell disease (SCD)?

There are many ways to manage sickle cell disease. Your medical team will probably include a hematologist, a doctor who specializes in blood diseases. You will work with your medical team to set up a treatment plan. Possible treatment options may include:

---

Topic: Carbohydrate Metabolism Disorders
Carbohydrate Metabolism Disorders: Treatments may include special diets, supplements, and medicines. Some babies may also need additional treatments, if there are complications. For some disorders, there is no cure, but treatments may help with symptoms.

---

Topic: Sickle Cell Disease
Sickle Cell Disease (also called: Hemoglobin SS disease, Sickle cell anemia): Gene therapies to treat SCD in people who are 12 years and older and have had repeated sickle cell crises. These new therapies involve taking some of your blood stem cells and either adding new DNA to them or changing their existing DNA. Then these cells are given back to you, and they can make a type of hemoglobin that is healthy. This can reduce the complications of SCD, including the SCD crises.

Complementary and alternative medicine (CAM) seems to help some people deal with pain caused by SCD. These types of CAM may lower your pain, especially if it is not well managed with medicines::"
none,Do you have information about Rehabilitation,"Rehabilitation (also called Rehab) is care that helps people get back, keep, or improve abilities they need for daily life.",1,,"Topic: Rehabilitation
Rehabilitation (also called: Rehab): What is rehabilitation?

Rehabilitation is care that can help you get back, keep, or improve abilities that you need for daily life. These abilities may be physical, mental, and/or cognitive (thinking and learning). You may have lost them because of a disease or injury, or as a side effect from a medical treatment. Rehabilitation can improve your daily life and functioning.

---

Topic: Rehabilitation
Rehabilitation (also called: Rehab): Rehabilitation is care that can help you get back, keep, or improve abilities that you need for daily life. These abilities may be physical, mental, and/or cognitive (thinking and learning). You may have lost them because of a disease or injury, or as a side effect from a medical treatment. Rehabilitation can improve your daily life and functioning.

Who needs rehabilitation?

---

Topic: Stroke Rehabilitation
Stroke Rehabilitation: Who needs stroke rehabilitation?

Rehabilitation is for people who have lost abilities needed for daily life. Stroke rehabilitation is recommended for anyone affected by stroke. Most people who take part in a treatment program recover better than those who don't.

---

Topic: Stroke Rehabilitation
Stroke Rehabilitation: Rehabilitation is for people who have lost abilities needed for daily life. Stroke rehabilitation is recommended for anyone affected by stroke. Most people who take part in a treatment program recover better than those who don't.

The effects of a stroke depend on the parts of your brain that were affected. Your health care provider may recommend care based on your needs.

---

Topic: Vision Impairment and Blindness
Vision Impairment and Blindness (also called: Low vision): Vision rehabilitation teaches you how to live with your vision loss. It may include:

Showing you how to use a magnifying device or screen readers for reading

Helping you set up your home so you can move around more easily"
none,Do you have information about Rehabilitation,"These abilities may be physical, mental, and/or cognitive (thinking and learning).",1,,"Topic: Rehabilitation
Rehabilitation (also called: Rehab): What is rehabilitation?

Rehabilitation is care that can help you get back, keep, or improve abilities that you need for daily life. These abilities may be physical, mental, and/or cognitive (thinking and learning). You may have lost them because of a disease or injury, or as a side effect from a medical treatment. Rehabilitation can improve your daily life and functioning.

---

Topic: Rehabilitation
Rehabilitation (also called: Rehab): Rehabilitation is care that can help you get back, keep, or improve abilities that you need for daily life. These abilities may be physical, mental, and/or cognitive (thinking and learning). You may have lost them because of a disease or injury, or as a side effect from a medical treatment. Rehabilitation can improve your daily life and functioning.

Who needs rehabilitation?

---

Topic: Stroke Rehabilitation
Stroke Rehabilitation: Who needs stroke rehabilitation?

Rehabilitation is for people who have lost abilities needed for daily life. Stroke rehabilitation is recommended for anyone affected by stroke. Most people who take part in a treatment program recover better than those who don't.

---

Topic: Stroke Rehabilitation
Stroke Rehabilitation: Rehabilitation is for people who have lost abilities needed for daily life. Stroke rehabilitation is recommended for anyone affected by stroke. Most people who take part in a treatment program recover better than those who don't.

The effects of a stroke depend on the parts of your brain that were affected. Your health care provider may recommend care based on your needs.

---

Topic: Vision Impairment and Blindness
Vision Impairment and Blindness (also called: Low vision): Vision rehabilitation teaches you how to live with your vision loss. It may include:

Showing you how to use a magnifying device or screen readers for reading

Helping you set up your home so you can move around more easily"
none,Do you have information about Rehabilitation,"You might need rehabilitation if you've lost these abilities due to a disease, injury, or as a side effect from medical treatment.",1,,"Topic: Rehabilitation
Rehabilitation (also called: Rehab): What is rehabilitation?

Rehabilitation is care that can help you get back, keep, or improve abilities that you need for daily life. These abilities may be physical, mental, and/or cognitive (thinking and learning). You may have lost them because of a disease or injury, or as a side effect from a medical treatment. Rehabilitation can improve your daily life and functioning.

---

Topic: Rehabilitation
Rehabilitation (also called: Rehab): Rehabilitation is care that can help you get back, keep, or improve abilities that you need for daily life. These abilities may be physical, mental, and/or cognitive (thinking and learning). You may have lost them because of a disease or injury, or as a side effect from a medical treatment. Rehabilitation can improve your daily life and functioning.

Who needs rehabilitation?

---

Topic: Stroke Rehabilitation
Stroke Rehabilitation: Who needs stroke rehabilitation?

Rehabilitation is for people who have lost abilities needed for daily life. Stroke rehabilitation is recommended for anyone affected by stroke. Most people who take part in a treatment program recover better than those who don't.

---

Topic: Stroke Rehabilitation
Stroke Rehabilitation: Rehabilitation is for people who have lost abilities needed for daily life. Stroke rehabilitation is recommended for anyone affected by stroke. Most people who take part in a treatment program recover better than those who don't.

The effects of a stroke depend on the parts of your brain that were affected. Your health care provider may recommend care based on your needs.

---

Topic: Vision Impairment and Blindness
Vision Impairment and Blindness (also called: Low vision): Vision rehabilitation teaches you how to live with your vision loss. It may include:

Showing you how to use a magnifying device or screen readers for reading

Helping you set up your home so you can move around more easily"
none,Do you have information about Rehabilitation,Rehabilitation can help improve your daily life and functioning.,1,,"Topic: Rehabilitation
Rehabilitation (also called: Rehab): What is rehabilitation?

Rehabilitation is care that can help you get back, keep, or improve abilities that you need for daily life. These abilities may be physical, mental, and/or cognitive (thinking and learning). You may have lost them because of a disease or injury, or as a side effect from a medical treatment. Rehabilitation can improve your daily life and functioning.

---

Topic: Rehabilitation
Rehabilitation (also called: Rehab): Rehabilitation is care that can help you get back, keep, or improve abilities that you need for daily life. These abilities may be physical, mental, and/or cognitive (thinking and learning). You may have lost them because of a disease or injury, or as a side effect from a medical treatment. Rehabilitation can improve your daily life and functioning.

Who needs rehabilitation?

---

Topic: Stroke Rehabilitation
Stroke Rehabilitation: Who needs stroke rehabilitation?

Rehabilitation is for people who have lost abilities needed for daily life. Stroke rehabilitation is recommended for anyone affected by stroke. Most people who take part in a treatment program recover better than those who don't.

---

Topic: Stroke Rehabilitation
Stroke Rehabilitation: Rehabilitation is for people who have lost abilities needed for daily life. Stroke rehabilitation is recommended for anyone affected by stroke. Most people who take part in a treatment program recover better than those who don't.

The effects of a stroke depend on the parts of your brain that were affected. Your health care provider may recommend care based on your needs.

---

Topic: Vision Impairment and Blindness
Vision Impairment and Blindness (also called: Low vision): Vision rehabilitation teaches you how to live with your vision loss. It may include:

Showing you how to use a magnifying device or screen readers for reading

Helping you set up your home so you can move around more easily"
grade6,Do you have information about Rehabilitation,"Rehabilitation (also called Rehab) is care that helps people get back, keep, or improve abilities they need for daily life.",1,,"Topic: Rehabilitation
Rehabilitation (also called: Rehab): What is rehabilitation?

Rehabilitation is care that can help you get back, keep, or improve abilities that you need for daily life. These abilities may be physical, mental, and/or cognitive (thinking and learning). You may have lost them because of a disease or injury, or as a side effect from a medical treatment. Rehabilitation can improve your daily life and functioning.

---

Topic: Rehabilitation
Rehabilitation (also called: Rehab): Rehabilitation is care that can help you get back, keep, or improve abilities that you need for daily life. These abilities may be physical, mental, and/or cognitive (thinking and learning). You may have lost them because of a disease or injury, or as a side effect from a medical treatment. Rehabilitation can improve your daily life and functioning.

Who needs rehabilitation?

---

Topic: Stroke Rehabilitation
Stroke Rehabilitation: Who needs stroke rehabilitation?

Rehabilitation is for people who have lost abilities needed for daily life. Stroke rehabilitation is recommended for anyone affected by stroke. Most people who take part in a treatment program recover better than those who don't.

---

Topic: Stroke Rehabilitation
Stroke Rehabilitation: Rehabilitation is for people who have lost abilities needed for daily life. Stroke rehabilitation is recommended for anyone affected by stroke. Most people who take part in a treatment program recover better than those who don't.

The effects of a stroke depend on the parts of your brain that were affected. Your health care provider may recommend care based on your needs.

---

Topic: Vision Impairment and Blindness
Vision Impairment and Blindness (also called: Low vision): Vision rehabilitation teaches you how to live with your vision loss. It may include:

Showing you how to use a magnifying device or screen readers for reading

Helping you set up your home so you can move around more easily"
grade6,Do you have information about Rehabilitation,"These abilities may be physical, mental, and/or cognitive (thinking and learning).",1,,"Topic: Rehabilitation
Rehabilitation (also called: Rehab): What is rehabilitation?

Rehabilitation is care that can help you get back, keep, or improve abilities that you need for daily life. These abilities may be physical, mental, and/or cognitive (thinking and learning). You may have lost them because of a disease or injury, or as a side effect from a medical treatment. Rehabilitation can improve your daily life and functioning.

---

Topic: Rehabilitation
Rehabilitation (also called: Rehab): Rehabilitation is care that can help you get back, keep, or improve abilities that you need for daily life. These abilities may be physical, mental, and/or cognitive (thinking and learning). You may have lost them because of a disease or injury, or as a side effect from a medical treatment. Rehabilitation can improve your daily life and functioning.

Who needs rehabilitation?

---

Topic: Stroke Rehabilitation
Stroke Rehabilitation: Who needs stroke rehabilitation?

Rehabilitation is for people who have lost abilities needed for daily life. Stroke rehabilitation is recommended for anyone affected by stroke. Most people who take part in a treatment program recover better than those who don't.

---

Topic: Stroke Rehabilitation
Stroke Rehabilitation: Rehabilitation is for people who have lost abilities needed for daily life. Stroke rehabilitation is recommended for anyone affected by stroke. Most people who take part in a treatment program recover better than those who don't.

The effects of a stroke depend on the parts of your brain that were affected. Your health care provider may recommend care based on your needs.

---

Topic: Vision Impairment and Blindness
Vision Impairment and Blindness (also called: Low vision): Vision rehabilitation teaches you how to live with your vision loss. It may include:

Showing you how to use a magnifying device or screen readers for reading

Helping you set up your home so you can move around more easily"
grade6,Do you have information about Rehabilitation,"You might need rehab if you've lost these abilities due to a disease, injury, or as a side effect from medical treatment.",1,,"Topic: Rehabilitation
Rehabilitation (also called: Rehab): What is rehabilitation?

Rehabilitation is care that can help you get back, keep, or improve abilities that you need for daily life. These abilities may be physical, mental, and/or cognitive (thinking and learning). You may have lost them because of a disease or injury, or as a side effect from a medical treatment. Rehabilitation can improve your daily life and functioning.

---

Topic: Rehabilitation
Rehabilitation (also called: Rehab): Rehabilitation is care that can help you get back, keep, or improve abilities that you need for daily life. These abilities may be physical, mental, and/or cognitive (thinking and learning). You may have lost them because of a disease or injury, or as a side effect from a medical treatment. Rehabilitation can improve your daily life and functioning.

Who needs rehabilitation?

---

Topic: Stroke Rehabilitation
Stroke Rehabilitation: Who needs stroke rehabilitation?

Rehabilitation is for people who have lost abilities needed for daily life. Stroke rehabilitation is recommended for anyone affected by stroke. Most people who take part in a treatment program recover better than those who don't.

---

Topic: Stroke Rehabilitation
Stroke Rehabilitation: Rehabilitation is for people who have lost abilities needed for daily life. Stroke rehabilitation is recommended for anyone affected by stroke. Most people who take part in a treatment program recover better than those who don't.

The effects of a stroke depend on the parts of your brain that were affected. Your health care provider may recommend care based on your needs.

---

Topic: Vision Impairment and Blindness
Vision Impairment and Blindness (also called: Low vision): Vision rehabilitation teaches you how to live with your vision loss. It may include:

Showing you how to use a magnifying device or screen readers for reading

Helping you set up your home so you can move around more easily"
grade6,Do you have information about Rehabilitation,Rehabilitation can make your daily life better.,1,,"Topic: Rehabilitation
Rehabilitation (also called: Rehab): What is rehabilitation?

Rehabilitation is care that can help you get back, keep, or improve abilities that you need for daily life. These abilities may be physical, mental, and/or cognitive (thinking and learning). You may have lost them because of a disease or injury, or as a side effect from a medical treatment. Rehabilitation can improve your daily life and functioning.

---

Topic: Rehabilitation
Rehabilitation (also called: Rehab): Rehabilitation is care that can help you get back, keep, or improve abilities that you need for daily life. These abilities may be physical, mental, and/or cognitive (thinking and learning). You may have lost them because of a disease or injury, or as a side effect from a medical treatment. Rehabilitation can improve your daily life and functioning.

Who needs rehabilitation?

---

Topic: Stroke Rehabilitation
Stroke Rehabilitation: Who needs stroke rehabilitation?

Rehabilitation is for people who have lost abilities needed for daily life. Stroke rehabilitation is recommended for anyone affected by stroke. Most people who take part in a treatment program recover better than those who don't.

---

Topic: Stroke Rehabilitation
Stroke Rehabilitation: Rehabilitation is for people who have lost abilities needed for daily life. Stroke rehabilitation is recommended for anyone affected by stroke. Most people who take part in a treatment program recover better than those who don't.

The effects of a stroke depend on the parts of your brain that were affected. Your health care provider may recommend care based on your needs.

---

Topic: Vision Impairment and Blindness
Vision Impairment and Blindness (also called: Low vision): Vision rehabilitation teaches you how to live with your vision loss. It may include:

Showing you how to use a magnifying device or screen readers for reading

Helping you set up your home so you can move around more easily"
none,What are the treatments for Myasthenia Gravis?,"There is no cure for myasthenia gravis, but treatments that can improve muscle weakness and help with symptoms include anticholinesterase medicines .",1,,"Topic: Myasthenia Gravis
Myasthenia Gravis: There is no cure for myasthenia gravis, but treatments that can improve muscle weakness and help with symptoms. They include:

Anticholinesterase medicines, which can improve nerve-to-muscle messages and make muscles stronger.

---

Topic: Myasthenia Gravis
Myasthenia Gravis: Electromyography (EMG) and nerve conduction studies

What are the treatments for myasthenia gravis?

There is no cure for myasthenia gravis, but treatments that can improve muscle weakness and help with symptoms. They include:

---

Topic: Ataxia Telangiectasia
Ataxia Telangiectasia: A-T has no cure. Treatments might improve some symptoms. They include injections to strengthen the immune system, physical and speech therapy, and high-dose vitamins.

NIH: National Institute of Neurological Disorders and Stroke

---

Topic: Myalgic Encephalomyelitis/Chronic Fatigue Syndrome
Myalgic Encephalomyelitis/Chronic Fatigue Syndrome (also called: CFS, Chronic fatigue syndrome, ME/CFS, Myalgic encephalomyelitis): Nutritional supplements, if your provider suggests them.

Complementary therapies such as meditation, gentle massage, or relaxation therapy.

Make sure to talk to your provider before you try any new treatments. Some treatments that are promoted as cures for ME/CFS are unproven, often costly, and could be dangerous.

---

Topic: Myalgic Encephalomyelitis/Chronic Fatigue Syndrome
Myalgic Encephalomyelitis/Chronic Fatigue Syndrome (also called: CFS, Chronic fatigue syndrome, ME/CFS, Myalgic encephalomyelitis): What are the treatments for myalgic encephalomyelitis/chronic fatigue syndrome (ME/CFS)?

There is no cure or approved treatment for ME/CFS, but you may be able to treat or manage some of your symptoms."
none,What are the treatments for Myasthenia Gravis?,It's essential to discuss any new treatments with your healthcare provider before starting them.,1,,"Topic: Myasthenia Gravis
Myasthenia Gravis: There is no cure for myasthenia gravis, but treatments that can improve muscle weakness and help with symptoms. They include:

Anticholinesterase medicines, which can improve nerve-to-muscle messages and make muscles stronger.

---

Topic: Myasthenia Gravis
Myasthenia Gravis: Electromyography (EMG) and nerve conduction studies

What are the treatments for myasthenia gravis?

There is no cure for myasthenia gravis, but treatments that can improve muscle weakness and help with symptoms. They include:

---

Topic: Ataxia Telangiectasia
Ataxia Telangiectasia: A-T has no cure. Treatments might improve some symptoms. They include injections to strengthen the immune system, physical and speech therapy, and high-dose vitamins.

NIH: National Institute of Neurological Disorders and Stroke

---

Topic: Myalgic Encephalomyelitis/Chronic Fatigue Syndrome
Myalgic Encephalomyelitis/Chronic Fatigue Syndrome (also called: CFS, Chronic fatigue syndrome, ME/CFS, Myalgic encephalomyelitis): Nutritional supplements, if your provider suggests them.

Complementary therapies such as meditation, gentle massage, or relaxation therapy.

Make sure to talk to your provider before you try any new treatments. Some treatments that are promoted as cures for ME/CFS are unproven, often costly, and could be dangerous.

---

Topic: Myalgic Encephalomyelitis/Chronic Fatigue Syndrome
Myalgic Encephalomyelitis/Chronic Fatigue Syndrome (also called: CFS, Chronic fatigue syndrome, ME/CFS, Myalgic encephalomyelitis): What are the treatments for myalgic encephalomyelitis/chronic fatigue syndrome (ME/CFS)?

There is no cure or approved treatment for ME/CFS, but you may be able to treat or manage some of your symptoms."
grade6,What are the treatments for Myasthenia Gravis?,There are treatments that can improve muscle weakness and help with symptoms of myasthenia gravis.,1,,"Topic: Myasthenia Gravis
Myasthenia Gravis: There is no cure for myasthenia gravis, but treatments that can improve muscle weakness and help with symptoms. They include:

Anticholinesterase medicines, which can improve nerve-to-muscle messages and make muscles stronger.

---

Topic: Myasthenia Gravis
Myasthenia Gravis: Electromyography (EMG) and nerve conduction studies

What are the treatments for myasthenia gravis?

There is no cure for myasthenia gravis, but treatments that can improve muscle weakness and help with symptoms. They include:

---

Topic: Ataxia Telangiectasia
Ataxia Telangiectasia: A-T has no cure. Treatments might improve some symptoms. They include injections to strengthen the immune system, physical and speech therapy, and high-dose vitamins.

NIH: National Institute of Neurological Disorders and Stroke

---

Topic: Myalgic Encephalomyelitis/Chronic Fatigue Syndrome
Myalgic Encephalomyelitis/Chronic Fatigue Syndrome (also called: CFS, Chronic fatigue syndrome, ME/CFS, Myalgic encephalomyelitis): Nutritional supplements, if your provider suggests them.

Complementary therapies such as meditation, gentle massage, or relaxation therapy.

Make sure to talk to your provider before you try any new treatments. Some treatments that are promoted as cures for ME/CFS are unproven, often costly, and could be dangerous.

---

Topic: Myalgic Encephalomyelitis/Chronic Fatigue Syndrome
Myalgic Encephalomyelitis/Chronic Fatigue Syndrome (also called: CFS, Chronic fatigue syndrome, ME/CFS, Myalgic encephalomyelitis): What are the treatments for myalgic encephalomyelitis/chronic fatigue syndrome (ME/CFS)?

There is no cure or approved treatment for ME/CFS, but you may be able to treat or manage some of your symptoms."
grade6,What are the treatments for Myasthenia Gravis?,"They include anticholinesterase medicines, which make muscles stronger by improving nerve-to-muscle messages .",1,,"Topic: Myasthenia Gravis
Myasthenia Gravis: There is no cure for myasthenia gravis, but treatments that can improve muscle weakness and help with symptoms. They include:

Anticholinesterase medicines, which can improve nerve-to-muscle messages and make muscles stronger.

---

Topic: Myasthenia Gravis
Myasthenia Gravis: Electromyography (EMG) and nerve conduction studies

What are the treatments for myasthenia gravis?

There is no cure for myasthenia gravis, but treatments that can improve muscle weakness and help with symptoms. They include:

---

Topic: Ataxia Telangiectasia
Ataxia Telangiectasia: A-T has no cure. Treatments might improve some symptoms. They include injections to strengthen the immune system, physical and speech therapy, and high-dose vitamins.

NIH: National Institute of Neurological Disorders and Stroke

---

Topic: Myalgic Encephalomyelitis/Chronic Fatigue Syndrome
Myalgic Encephalomyelitis/Chronic Fatigue Syndrome (also called: CFS, Chronic fatigue syndrome, ME/CFS, Myalgic encephalomyelitis): Nutritional supplements, if your provider suggests them.

Complementary therapies such as meditation, gentle massage, or relaxation therapy.

Make sure to talk to your provider before you try any new treatments. Some treatments that are promoted as cures for ME/CFS are unproven, often costly, and could be dangerous.

---

Topic: Myalgic Encephalomyelitis/Chronic Fatigue Syndrome
Myalgic Encephalomyelitis/Chronic Fatigue Syndrome (also called: CFS, Chronic fatigue syndrome, ME/CFS, Myalgic encephalomyelitis): What are the treatments for myalgic encephalomyelitis/chronic fatigue syndrome (ME/CFS)?

There is no cure or approved treatment for ME/CFS, but you may be able to treat or manage some of your symptoms."
